{
  "total_nodes": 418,
  "total_edges": 368,
  "connected_components": 50,
  "average_degree": 1.7607655502392345,
  "total_length_km": 345.00155628076817,
  "edge_types": {
    "canal": 77,
    "stream": 57,
    "river": 21,
    "ditch": 171,
    "drain": 42
  },
  "bounds": {
    "min_lon": 79.8370644,
    "max_lon": 80.1859044,
    "min_lat": 6.9808369,
    "max_lat": 7.2722087
  }
}